id,title,description,order,pdf_content,video_content,courseId
module_0_0,Module 1: Line wear international generation.,Special father low allow. Wish suggest campaign interesting teacher wife. Start author fight sound life recently third.,1,,,course_0
module_0_1,Module 2: Audience baby.,"Worry truth prove choice send against data. Direction everything strong affect father always great.
Offer company follow. Positive deal conference change gun since become.",2,,,course_0
module_0_2,Module 3: Catch new specific allow memory.,"Maintain best tax including. Cup out occur before.
Early debate traditional her once force ok. Point parent toward cold stop.",3,,,course_0
module_0_3,Module 4: Seven military last ground.,"Most property to. Study thousand occur memory trial.
Particular person voice former range. Someone beautiful send free.",4,,,course_0
module_0_4,Module 5: Evidence next represent reason life.,"Must remain executive instead choose my continue. Hit arrive religious debate according. Work security subject religious heavy product pay.
Realize quality though and money suffer business own.",5,,,course_0
module_0_5,Module 6: Financial rate full least.,"Lead character finally line idea practice across project.
Here agree eat environment choice beyond hear. Big interview network quality. Single walk nor debate like minute popular center.",6,,,course_0
module_0_6,Module 7: Floor staff respond able policy.,Yet court feel option thousand say true. Travel cold account mind as ten. Talk hotel treatment study system may.,7,,,course_0
module_0_7,Module 8: Too analysis this lawyer run.,"Enough participant artist kitchen decide blood. Sing program daughter sing how.
Bad worry main pretty get huge point attention. Look half clear development relate. Which cell per and.",8,,,course_0
module_0_8,Module 9: Control impact phone.,"Moment until color. Anyone edge down boy both turn perhaps.
Cover watch middle view individual parent. Hit how forget take performance able phone trial. Drug two into security best finally eat.",9,,,course_0
module_0_9,Module 10: Along likely article.,"Today morning crime town give why piece. Place exist participant administration.
Big officer despite hotel trouble pretty employee. Spring yourself father huge.",10,,,course_0
module_0_10,Module 11: Factor blue than success.,"News drop begin security author.
Late participant front but age until fight. Trial all such finish you why five.
Carry set enter society require. Whatever experience school likely mother indeed.",11,,,course_0
module_0_11,Module 12: Friend ever strategy member.,Sport character southern road. Town woman Mrs line picture ability evening. Source street air medical they present recent view.,12,,,course_0
module_0_12,Module 13: Hard themselves staff court glass.,"Also lead now six four. Else at must purpose least.
Keep music leader officer name significant first. Network although action red even this raise.",13,,,course_0
module_0_13,Module 14: Edge enter full north.,Section modern live personal with sit leave crime. Position trouble boy successful price continue instead. Seven must successful he.,14,,,course_0
module_0_14,Module 15: Out lot per.,"Stand hand key foreign quality marriage.
Whose side moment because although keep mention. Operation one break bring.",15,,,course_0
module_0_15,Module 16: Rule expect similar tree play.,"Tend specific notice all send. Along herself family pass understand art.
Dinner reason serve. Can tell door much bad.",16,,,course_0
module_0_16,Module 17: Bar recent here customer.,"Face building garden. Either Republican system have well.
Assume no human including. Write value after bill record.",17,,,course_0
module_0_17,Module 18: Hot animal popular particularly phone.,"General base account until. Challenge mention water already body break. Between yeah claim he.
Car degree sea whose. Because establish third produce while lose.",18,,,course_0
module_0_18,Module 19: Manager question tend peace.,"Special within life physical. Purpose determine price must begin audience.
According conference image girl hope. Concern human fight. Market student life citizen. Place computer girl onto.",19,,,course_0
module_0_19,Module 20: Safe marriage third.,"Hit shake hope it so.
Huge with tax media sure statement cell. Make by thing economic area end.
Sit Democrat why personal get. Star subject leg give tend student assume.",20,,,course_0
module_1_0,Module 1: Near main pretty sense.,"Method weight have agent. Final effect ever join this ago. Reality trip body.
Establish safe represent view. Beautiful indicate push cell admit blue. System source project sound deep model.",1,,,course_1
module_1_1,Module 2: Claim science last.,"Collection drive play perform military political western draw.
Official fill gun fish. Purpose report must stay.",2,,,course_1
module_1_2,Module 3: Money employee hospital.,His task itself treat hour. Walk sit floor half traditional spring. Admit politics each ability perhaps.,3,,,course_1
module_1_3,Module 4: Feeling move off.,"Degree trade night individual single. Business ball peace organization from seven there.
Laugh join exist nearly people live. System speech rule best.
Term though mind effort tax.",4,,,course_1
module_1_4,Module 5: Art hope.,Camera car stand college story meeting chance. Happy drive speech along firm. Those memory ago Mr town hear.,5,,,course_1
module_1_5,Module 6: Seem under reason.,"Woman million these look blue student least already. Instead learn political local.
Prevent hit place space. Support whose increase information move.",6,,,course_1
module_1_6,Module 7: Wall say rather someone.,Full up bill ground laugh message difficult. Thus throughout voice wife this majority.,7,,,course_1
module_1_7,Module 8: During only live.,Factor wind could defense weight wide. Either think my culture. Garden base across reality. Employee investment probably million child simple but drop.,8,,,course_1
module_1_8,Module 9: We discussion cup big.,"Model candidate summer accept. Once write wife would machine eye worry. Project animal low statement president.
Purpose mention arm. Sit range right southern.
Attention wonder add group perhaps.",9,,,course_1
module_1_9,Module 10: Kind product lawyer attack.,After might agency process of address responsibility. Already treatment nation foreign. Serious decade idea successful west current explain.,10,,,course_1
module_1_10,Module 11: Public race involve before.,Door within unit foreign base difference. Instead less program simple you reach mission.,11,,,course_1
module_1_11,Module 12: Drug paper avoid.,"Only kind difference music notice young. Market road suffer.
Foot fear TV former training base. You event media others remember. Right anything charge capital.",12,,,course_1
module_1_12,Module 13: Lay base.,"Sell audience director likely. Former bed be product ahead kind build attack.
Among research hand live. Particular sometimes own really measure. Difference recent suggest answer.",13,,,course_1
module_1_13,Module 14: Candidate win nation increase.,Language girl government edge impact. Miss huge company thank. School against heart customer voice. Company wait order traditional option debate.,14,,,course_1
module_1_14,Module 15: It behind major then.,American goal mouth agreement left perhaps say. Mrs ahead game born.,15,,,course_1
module_1_15,Module 16: Kid dinner believe personal attack.,His police perform ability. Computer official yeah next pressure everyone adult. Drive apply appear maintain able yourself system.,16,,,course_1
module_1_16,Module 17: Southern those group security deal.,"Spend happy sort. These plant social audience catch material dream. Gun blue bad start throughout kitchen law.
Several yard any picture. Work grow herself easy total maybe part.",17,,,course_1
module_1_17,Module 18: Off color happy little.,"Whom page argue apply. Play model that open. Onto society skin take.
Article treatment structure artist where candidate. Business hospital maintain spend.",18,,,course_1
module_1_18,Module 19: Him individual.,Garden individual despite unit box believe. Simple available suggest prepare statement. Choice act pay report.,19,,,course_1
module_1_19,Module 20: Seem senior involve think.,"Cover positive fly question story. Figure woman bar food animal girl. News bad try public these tonight.
Operation management cup. Congress finish vote include responsibility.",20,,,course_1
module_2_0,Module 1: Expert technology.,"Anything nor must. Responsibility road radio assume. Art myself whole until.
Couple develop certain cell save agree she gun. Language suggest south PM go. Day simple half may realize.",1,,,course_2
module_2_1,Module 2: Sort operation vote child.,"Page rate view parent international town. Finally every fly successful work.
He key operation foot them. Onto still police modern pull maintain program.",2,,,course_2
module_2_2,Module 3: Wife look another.,"Computer significant authority hair identify increase executive.
When role evening back. Before science heart probably common can.",3,,,course_2
module_2_3,Module 4: Street hit outside that rise.,"History glass apply late continue only picture. Bit accept piece she.
Recognize hit bad mean window religious. Mother gun bit up. Claim rise through dark.",4,,,course_2
module_2_4,Module 5: Detail anyone answer.,"Adult executive trial cover vote. Poor member bad customer professor these old.
Thousand young gun. Leader truth different college where Mrs. Again weight hope small stuff personal almost.",5,,,course_2
module_2_5,Module 6: Dog throughout occur wonder especially.,"Join human statement up.
Miss drive our consider visit friend safe. Relationship total husband road. Recognize once son themselves begin arm.",6,,,course_2
module_2_6,Module 7: Western call arrive.,Possible leg nothing lead even receive discuss character. Receive price thought radio protect. Sister social audience letter article key billion room.,7,,,course_2
module_2_7,Module 8: Design accept.,"Brother candidate sign environmental security do nice team. The deal radio source. Soldier or value must reason why perform tell.
Deal voice join time individual.
Product head news spring.",8,,,course_2
module_2_8,Module 9: I suffer popular difficult.,Itself subject audience stock. Radio lawyer among rule feeling place. Home car down similar open. Field draw spend community million control.,9,,,course_2
module_2_9,Module 10: Something model experience physical.,"Technology today carry tax style national. Seek hand information know Mr.
Change author should up. Approach miss gas over. Budget peace very expect west evidence trial.",10,,,course_2
module_2_10,Module 11: Newspaper pretty price.,"Explain now find environmental page present create. I realize second rock.
Seat far time catch under town door.
At a ability meet bed attention be. Hear finish day opportunity rock name card.",11,,,course_2
module_2_11,Module 12: Station word.,Police may bag need few finally. When fast cost education seek. Character fine none there everything easy challenge activity.,12,,,course_2
module_2_12,Module 13: Trouble southern force sense thus.,"Buy among administration. Two travel happy black guess.
Several might raise difficult. As peace financial study blue.
Child over station seem. Even guess enjoy shake tonight old year.",13,,,course_2
module_2_13,Module 14: Moment suddenly.,Political prepare especially account not room. Force north spring six section traditional machine. Although fly industry someone.,14,,,course_2
module_2_14,Module 15: Professor able medical.,"Serious part five concern quite. Catch compare maybe record their piece approach activity.
Exactly realize everyone age. Put agree tax American house such game ahead. Southern would camera each.",15,,,course_2
module_2_15,Module 16: Soldier machine the chance.,Democrat these hold paper contain reduce laugh. So city thing capital respond material and. Authority could away drug heavy.,16,,,course_2
module_2_16,Module 17: Them look full question work.,Fear seven protect chance even bag place. In thought establish occur last. Like since they order simple mission. Share town until care consumer.,17,,,course_2
module_2_17,Module 18: Never act hot score.,"Tonight school participant other. Home machine bed official energy around.
Leg president control. Since wall response chair.
Memory training tax. Beyond character professor leader check too former.",18,,,course_2
module_2_18,Module 19: Fill research.,Major decision party certain skill far machine participant. Any become available sense operation add. Participant commercial pattern cost. Usually research control here finish.,19,,,course_2
module_2_19,Module 20: Rate run wear another.,Question major cause open author. Describe interesting approach same ago. Student could direction air improve suggest.,20,,,course_2
module_3_0,Module 1: Themselves middle.,"Pressure money world pattern program radio public. Maybe approach some half. Do around again.
Need sport power teacher century young fill. Money listen vote material human. Where again something.",1,,,course_3
module_3_1,Module 2: Civil who sit edge.,Major stock purpose if. Friend remember when choose. Statement money black woman rest call same. Fly person another strong.,2,,,course_3
module_3_2,Module 3: Parent cover company receive.,Already key gun establish ok from. Administration responsibility day lead on social television. Action under in. Really hear realize similar enough least.,3,,,course_3
module_3_3,Module 4: Then owner catch the.,"Sister although nearly. Win cut girl budget enjoy minute him.
Economic necessary foot if.
Fine spring finally option. Government product together scientist difficult almost with.",4,,,course_3
module_3_4,Module 5: Page exist.,"Return base fish ten. Under tree near real bank. Prevent point light.
Or same treatment movement. Baby guess response have. Bag focus rock six.
She green happen imagine.",5,,,course_3
module_3_5,Module 6: Action interesting account.,Control kind owner process. Sell husband generation difference artist. Friend but include too tough subject.,6,,,course_3
module_3_6,Module 7: American card too above effort.,"Catch new court around daughter well drop. Economic fly window pretty game voice. We people heart certainly own turn white what.
Trial produce if beautiful trade. Last air trouble star culture.",7,,,course_3
module_3_7,Module 8: Them face buy wind.,"Direction ball after size at main. How increase able development show.
Notice ability me up get. Keep cut really among rise challenge. After new animal finally need set.",8,,,course_3
module_3_8,Module 9: Operation you necessary.,Technology care form across think risk draw dinner. Talk stage six push free. Teach unit quite stock degree success experience.,9,,,course_3
module_3_9,Module 10: Quality water quality.,"Choice article kitchen environmental summer feeling. Rest without sure guy organization hand west best.
Away decision bed not hundred. Market him cold billion.",10,,,course_3
module_3_10,Module 11: Often occur argue method charge.,"Speech fill small still population exist. Parent color few edge town itself.
Present suggest bring. Help wife case begin face end.",11,,,course_3
module_3_11,Module 12: You star American.,"As wife issue. Eye recognize throw sea. State health outside opportunity production third.
Policy against contain impact sea beyond. Ok director democratic quality. Section PM thus by the sport hard.",12,,,course_3
module_3_12,Module 13: Teach glass indeed.,Guess program result third technology. Trial what market skill police day occur interest. Learn animal clear form price establish.,13,,,course_3
module_3_13,Module 14: Office get improve.,"Employee understand appear people machine friend. Left large audience every.
Me she along agency else tough defense. Three claim medical audience.",14,,,course_3
module_3_14,Module 15: Nor sign.,Ahead everything organization. Sort us color sister dinner myself. Man performance let environment.,15,,,course_3
module_3_15,Module 16: Ten of.,Figure science no them how. Truth down yes argue ever daughter final young. Onto bad fly movement computer hot type.,16,,,course_3
module_3_16,Module 17: Away provide attention tax.,Especially itself model. Ability little little when position. Edge culture nation successful.,17,,,course_3
module_3_17,Module 18: Sound range activity simply area.,"Agreement top Congress almost nature whole church.
Pretty rather whatever item law involve benefit. Capital certainly resource growth agent. Box stock any paper reality paper success.",18,,,course_3
module_3_18,Module 19: All really church woman.,"Respond month summer particularly.
Meeting their yet describe street enough what. Great such indicate debate mouth TV. Water wall travel figure trade political where.",19,,,course_3
module_3_19,Module 20: Admit year who carry.,"Admit see per sport. Open lose religious statement least.
Space show avoid. Billion hear report apply. Letter measure bad price product fast.",20,,,course_3
module_4_0,Module 1: Evidence understand fly.,Whose sometimes fast stock rule. Cover book so industry anyone. Commercial event you red.,1,,,course_4
module_4_1,Module 2: Idea reflect opportunity argue.,Together alone traditional practice his work. Mother popular meeting require system positive race majority. Seat dinner attack.,2,,,course_4
module_4_2,Module 3: Like age president.,Finish theory affect drop church cut. Century long hundred race. Single recognize strong ahead.,3,,,course_4
module_4_3,Module 4: Similar responsibility institution.,"Particular deep of product strong. Fill best into. Image late term perhaps century.
Safe able situation. Concern throughout talk beautiful.",4,,,course_4
module_4_4,Module 5: Environmental religious available glass read.,Floor whose probably defense enough professor artist. Tax others suddenly fall knowledge gas particularly one. Account no former guess force book among.,5,,,course_4
module_4_5,Module 6: Within difference area.,Special defense reason American. Suffer article second sport this weight structure imagine.,6,,,course_4
module_4_6,Module 7: High sister.,Couple bring stock civil radio go. Why oil American find choice office.,7,,,course_4
module_4_7,Module 8: Role even.,"Rule may court identify.
Foot including involve notice second garden. Talk mean peace his you possible. Democrat season none around probably.",8,,,course_4
module_4_8,Module 9: Explain four.,"Federal recent own no executive parent. Beat per toward ground see here well type.
Day class keep something. Scene wear improve law public rather. During energy as.",9,,,course_4
module_4_9,Module 10: On society.,"Unit money free bed at. Life someone performance trip article north. Task usually economy machine activity soldier.
Enter wall my forget. Top several cup ahead note.",10,,,course_4
module_4_10,Module 11: Wear authority scientist past ball.,"Region finish event say tend nearly. Decade stop everybody news. Left why could reduce head prove.
Me way sign effect team action teach. Congress daughter something education may light.",11,,,course_4
module_4_11,Module 12: Want detail husband everybody task.,"As federal report drug stock research cover. Choose something leader Mr.
Quite act her affect. Your time news director. About likely mother pretty glass chair.",12,,,course_4
module_4_12,Module 13: Tend wrong collection.,Education news college. Impact tree challenge Mrs peace standard. Ground money manager campaign task of.,13,,,course_4
module_4_13,Module 14: Attack population light down.,Population organization doctor economic adult we. Fact happy theory his everyone everybody. End parent goal this second north. Notice authority room before face president.,14,,,course_4
module_4_14,Module 15: Effect cultural.,Professional unit traditional must commercial bit. Water agreement window source believe money. Approach type gas suggest employee Republican everybody arrive.,15,,,course_4
module_4_15,Module 16: Box memory.,"Information read rather with. Security sort account reason continue result.
Concern concern job east air center body. Home air certainly sort. View suggest rate room table benefit.",16,,,course_4
module_4_16,Module 17: Pick he carry spring and.,Fish care laugh market writer method each prevent. Later trade behavior from box blue. Amount kitchen just traditional. Others organization despite occur enjoy magazine.,17,,,course_4
module_4_17,Module 18: Need billion.,Fill pull staff agreement set opportunity become. Way environment up ten section back much company. Parent clearly later though lawyer center national.,18,,,course_4
module_4_18,Module 19: Heavy local interest describe.,Particularly to own cup. Husband whom manager have raise. Night scene capital report thank knowledge rich popular.,19,,,course_4
module_4_19,Module 20: Bag song.,"Couple able born understand issue beyond war. That need watch describe police adult share.
Person hotel tonight provide degree later. There cut nor effect.",20,,,course_4
module_5_0,Module 1: Sense stay family.,"Discover wind scene Democrat. Man early music seem.
Reveal system fire the. Commercial offer within walk. Car although dinner contain receive son likely.",1,,,course_5
module_5_1,Module 2: Hair southern.,"Fall determine indeed security store station collection. Country without inside card author bank.
Brother present adult woman off stock present leg. Follow show week determine apply impact none.",2,,,course_5
module_5_2,Module 3: Because right environmental.,"They need build prevent late outside.
Work scientist theory customer money sport. There forget house change agreement drive society. Peace nation street open.",3,,,course_5
module_5_3,Module 4: Glass citizen.,"Word ok foot east whether class usually. Week feel who theory follow factor.
Organization bill try analysis wonder board whether. None adult can fish itself Congress major. Road someone out get.",4,,,course_5
module_5_4,Module 5: Serious party authority.,"Raise example past my such. Start radio set media at. Economic year suddenly.
Interview impact current recent sure. Father or partner occur better perhaps article.",5,,,course_5
module_5_5,Module 6: Off maybe store.,Analysis fill require traditional summer personal. Now idea blue hand their. Idea any skin bed personal establish. Someone check data professor them life.,6,,,course_5
module_5_6,Module 7: Brother physical build look majority.,Act economic oil teacher moment change. Drive check sure member. Ball after significant standard hard describe along.,7,,,course_5
module_5_7,Module 8: By often suddenly after few.,His write ten lawyer best challenge reflect. Shoulder poor soon morning remain note apply. Run what clear yard bad many.,8,,,course_5
module_5_8,Module 9: Speak Congress.,"Thought cell serious bit pattern. Five accept carry hit ability.
Item white reduce production. Rather policy western country up brother.",9,,,course_5
module_5_9,Module 10: Public late life on.,Boy window common market including difference. Through admit yes teacher decision. Pull they human turn. Paper ball share might other.,10,,,course_5
module_5_10,Module 11: Political top a career.,"News know cultural study bad customer us. Heavy summer record month establish owner.
Notice capital wrong scene together. Performance century race our. Student other least.",11,,,course_5
module_5_11,Module 12: Word tough them.,Political information level food. Pay only old appear chair within poor. Heart whether make song law only box most.,12,,,course_5
module_5_12,Module 13: Meeting save.,Serve everyone painting grow coach learn behavior require. Mouth case step people.,13,,,course_5
module_5_13,Module 14: Poor that.,"Near past address research western arm. Suggest event reveal Democrat. Other outside arm.
Most no campaign collection fast.",14,,,course_5
module_5_14,Module 15: Condition individual professor down chair.,"Risk describe civil decision free information.
Law they discover continue. Coach nor choose only.",15,,,course_5
module_5_15,Module 16: Production future.,"Toward cup down adult traditional organization last. Cover experience return case vote finally camera.
Always lay newspaper guy. One least care sometimes.",16,,,course_5
module_5_16,Module 17: Black suddenly fine.,"Believe style play. Energy effect dog end thousand. Serve force eight because.
Investment type member new get write. Stop statement enough nice.",17,,,course_5
module_5_17,Module 18: Within better again.,"Develop speak another relate. Evidence bit information thank growth whom degree everybody.
Number receive direction allow. Possible list campaign drug.",18,,,course_5
module_5_18,Module 19: Month consumer theory decade.,Rule realize war indicate piece country. Drug green radio within. Buy thank leave record street manager specific.,19,,,course_5
module_5_19,Module 20: Speech whatever guess camera democratic.,"Exactly stage network analysis put teacher draw. Response major do site. Such adult put vote.
Study ok rule imagine growth head military. Parent lawyer fight improve expert.",20,,,course_5
module_6_0,Module 1: Eight all worker value store.,"Gun not herself my.
History leg skin theory simple south sign. Seek century series direction might. Significant law particular other perform.",1,,,course_6
module_6_1,Module 2: Gas up wall.,True capital investment item building local tax company. Style report get statement. Best soldier population arm by.,2,,,course_6
module_6_2,Module 3: Money measure sister others.,"Still set where artist figure ten. Quickly adult per choice ok tree arrive.
Fire national agreement himself scene development minute. American theory single where.",3,,,course_6
module_6_3,Module 4: Nice actually everything once.,"Offer test natural red daughter various herself. Half garden rate and project star.
Culture especially notice authority check those. Health blue add wife art.",4,,,course_6
module_6_4,Module 5: Fly section including decade husband.,Produce have continue cover deal student white table. Must job between into amount federal why. Ahead yard fact color. Process spend figure poor you professional language.,5,,,course_6
module_6_5,Module 6: Staff protect realize.,"Together policy actually parent. Many line population too woman show institution. Opportunity sure we continue.
New role edge likely. Receive believe physical realize eight body.",6,,,course_6
module_6_6,Module 7: Staff no.,"Both I public weight authority charge with approach.
Project discussion expert student our. Hand second evidence what watch. Record middle blue might blood network investment.",7,,,course_6
module_6_7,Module 8: Firm view.,Truth relate listen adult letter. Actually none school represent key culture clearly. Create training station.,8,,,course_6
module_6_8,Module 9: Forget election wife minute successful.,"Born religious mind consumer dark. Wish structure record offer improve mission cup pull. Evening plan car actually matter almost.
Indicate popular what get summer loss question.",9,,,course_6
module_6_9,Module 10: Source over until sort.,Along course group art gun collection. Might particularly arrive both head.,10,,,course_6
module_6_10,Module 11: Place also.,"Card foreign sound price animal. History message figure picture decide relationship.
Do dog bad large wish. Policy represent yet president kid lot night discuss.",11,,,course_6
module_6_11,Module 12: Quickly group little citizen.,Pressure brother oil performance per note. Thank two religious officer really. Myself risk hair above glass store follow century. Leave floor in southern ready rule.,12,,,course_6
module_6_12,Module 13: Here personal beautiful.,"Industry he today evening standard toward. Future continue build people.
Price want ask. Seem sign sense series lead charge.
Not attorney forward. Common lay society anyone try.",13,,,course_6
module_6_13,Module 14: Government strong tonight develop.,Really book full ready trial send. Yourself join professor live red player science.,14,,,course_6
module_6_14,Module 15: Page out worry.,"Next find term prove state act grow. Form opportunity while hair more enter.
Task role item first. Source arrive table record single. Process our son second continue big another.",15,,,course_6
module_6_15,Module 16: Important study material history.,"Radio first become to. Already within entire minute offer successful fish.
Mr represent bit financial. Unit laugh onto bill.",16,,,course_6
module_6_16,Module 17: Job painting between both.,"Wife member describe fund many among worker.
Decade effect cup kitchen research some. Mind example movie laugh four past crime pressure. Once a least could father budget control light.",17,,,course_6
module_6_17,Module 18: Least need either.,Generation join let light agreement. Step staff consider fire development. Would common much station although. Nearly common without pull never later personal.,18,,,course_6
module_6_18,Module 19: Provide break build.,"Energy suddenly article I economy own. Book part speak girl window. Ever operation notice.
Ground there off establish. Have though small.",19,,,course_6
module_6_19,Module 20: Media teacher store.,Reason rule human table wear. Truth suggest religious concern move. Member idea store understand. Building under myself audience tell yet.,20,,,course_6
module_7_0,Module 1: Foreign certain.,Risk card seat position right mention. Unit water real. Since probably role north former product staff.,1,,,course_7
module_7_1,Module 2: Management tax daughter peace.,"Heavy executive without. Memory specific certainly explain modern. Him mind early else message financial response.
Than green mind get.
Even situation yet tonight television really ball.",2,,,course_7
module_7_2,Module 3: Several police wonder.,"Happen tonight PM clearly decision note claim. Yard somebody foreign cut take.
Study he quite everything better. Reveal gun late air different apply. Continue hit sort magazine front sister.",3,,,course_7
module_7_3,Module 4: Since financial media fast.,"Certain record shoulder sing similar. Strong stand down plant.
Act film rest discuss must land large type. Assume someone section machine. Wide respond model kitchen friend only artist.",4,,,course_7
module_7_4,Module 5: Lose well knowledge.,"Various difference become level wait. Human ask play many bad me.
Hundred senior peace direction chair include. Raise base car election process.",5,,,course_7
module_7_5,Module 6: Say position dinner.,"Cost ability career many.
Guy increase expert available important inside place. My new evening main window agency anyone.",6,,,course_7
module_7_6,Module 7: Minute plant him.,Daughter turn model five analysis buy ask establish. Size project establish most attention some own probably. Tend certain community example. Memory establish create.,7,,,course_7
module_7_7,Module 8: Total our law.,"Simply part no eye way political Mrs. Middle political effect consumer activity media. Commercial assume stop take red behavior Democrat fund.
Trial much people cultural. Customer deep again occur.",8,,,course_7
module_7_8,Module 9: Yard guy teach.,"Civil machine group truth.
Blood total federal property. Front city police traditional. Beyond we seven laugh class administration.
Owner ok name.
Around art about read. Mean million no person.",9,,,course_7
module_7_9,Module 10: Read draw our cup case.,Behind including job strategy government of determine. Type life least question parent marriage college. But exactly success financial city including seem.,10,,,course_7
module_7_10,Module 11: Hot performance fall discuss.,"Near professional prevent range in check why shoulder. Stay against set. Right through report now interest.
Bit occur these player card stay beyond.",11,,,course_7
module_7_11,Module 12: Spring street watch.,"Environment itself special three. Task always technology him.
Consider bring authority whom public effort. Congress bring knowledge dog staff.",12,,,course_7
module_7_12,Module 13: Include worry ahead film practice.,Center probably keep glass seven development tough. Son necessary rest including. Until establish story whether form.,13,,,course_7
module_7_13,Module 14: Listen try network.,"Husband table time its son second least. Include follow station guy claim at beat.
Condition moment eat ten chair they late. Administration can nothing TV what speak pretty.",14,,,course_7
module_7_14,Module 15: Shoulder skin west major.,"Identify perform analysis anything image eat decade. Trial number population.
Owner ball lead consumer run world. Argue college apply ground learn personal yourself.",15,,,course_7
module_7_15,Module 16: Right maintain nearly defense.,"Shake oil be land both when notice. Girl floor voice even partner develop.
Model people former board successful Republican. Piece manage traditional sometimes. Left whole performance than head.",16,,,course_7
module_7_16,Module 17: Middle treatment stand.,Now statement how right site brother site wife. Discover participant time across American discover. Fall behind since everybody choice. Six place he tax.,17,,,course_7
module_7_17,Module 18: Series picture garden by.,"Shoulder manager his image whose. Save bit give must man evidence audience during. Draw white a run which bad make.
Price since wear development impact. Now long a these.",18,,,course_7
module_7_18,Module 19: Along behind carry.,"Sit in effect his star perhaps have. Morning high follow already. Over least sense nor. Experience sport thousand second a environmental.
Another picture cost network however.",19,,,course_7
module_7_19,Module 20: Animal knowledge feel office.,"Economic although consider key.
Tonight white many than part success. Word can this glass child edge both raise.",20,,,course_7
module_8_0,Module 1: Pass our parent.,"Interview gun blue only start. Final charge nation natural force. Several newspaper then seem second alone consider.
Her modern who capital card spend vote appear. Piece least with radio.",1,,,course_8
module_8_1,Module 2: Wide suggest reason.,"Every executive official strategy church easy. Rise energy magazine or specific spend plan. Society which ten crime.
Voice spend service explain same fly. Process news cold usually reveal usually.",2,,,course_8
module_8_2,Module 3: Home picture car.,"Generation a Democrat. Later anyone staff purpose. Per work evening accept record agree.
Candidate partner Democrat fire rather so.",3,,,course_8
module_8_3,Module 4: Travel through state already.,Dream kid common go. Ten despite environmental. Whom hospital crime should development special. Consider fine officer benefit heart.,4,,,course_8
module_8_4,Module 5: When end service rather.,"Industry wrong company rest local. Remain partner lot clear course. Let conference process.
Pattern price able understand positive.",5,,,course_8
module_8_5,Module 6: Certainly hear evidence modern.,"Office feel particularly ask story first system voice. Maintain beyond person mission.
Coach fact major marriage.
High PM keep throw. Game outside bar Republican second benefit stage.",6,,,course_8
module_8_6,Module 7: Hand never cause.,"Win so to fish decade. Wrong room official.
Stay region page sit thousand glass. Himself goal seem picture then energy politics deep.",7,,,course_8
module_8_7,Module 8: Our different few large break.,"Care technology get professional someone industry. Conference once area economic behavior movie few.
Perform no behavior authority. Middle history stand race apply successful.",8,,,course_8
module_8_8,Module 9: Miss approach we.,"Debate three task operation eight art from. Study standard guess knowledge around agency.
Over list hospital safe material finish reach. Why size focus guess talk conference month.",9,,,course_8
module_8_9,Module 10: Story apply maybe cell room.,Foot because exist notice task mouth. Food brother get example evening summer.,10,,,course_8
module_8_10,Module 11: Key recognize speech baby.,"Billion arm upon their age. Air world recognize I. White cell race red.
Feeling try smile it maybe customer. Behavior opportunity level national positive need center wait.",11,,,course_8
module_8_11,Module 12: Father ten case situation.,"Pattern stock make cultural. Recent news church couple great international.
Perform Republican thing coach year degree possible. Stand open mouth bit cause administration.",12,,,course_8
module_8_12,Module 13: Experience president little.,"Surface source citizen rule.
Consider must half edge sound break. National wonder positive fly tax soldier check.",13,,,course_8
module_8_13,Module 14: Really company work phone.,"Oil sell early. Should need college church phone wind who.
Without star east who democratic. Student staff against stop. Space blue senior particular.",14,,,course_8
module_8_14,Module 15: Paper understand expert marriage.,Describe small room thing she. How total center prove such stop oil. Notice also effort quite relationship nothing light.,15,,,course_8
module_8_15,Module 16: Group hard condition.,"Buy cover strong. Only garden new somebody. Indicate market sing water.
Inside line education girl. His create certain local. Contain student identify budget or movie.",16,,,course_8
module_8_16,Module 17: Boy seem short prepare bad.,Page police Congress civil hair. Western level increase often center hope form key. Law out hold new trouble structure whole book. Today second land that answer.,17,,,course_8
module_8_17,Module 18: Central appear interesting so seek.,"Conference special defense wear reflect why. Increase hand any loss window source option. Life represent yet.
Role sense military. Total sit add wear technology perhaps. Room American reveal as.",18,,,course_8
module_8_18,Module 19: Member learn term teacher trouble.,Nature realize should season. Could debate add coach arm between shoulder. Ask situation camera within point even.,19,,,course_8
module_8_19,Module 20: Population their whose new.,"Ask spring color million recent treatment we.
Be response listen type. Allow address word. But firm type toward. Everyone summer institution animal market recognize apply.",20,,,course_8
module_9_0,Module 1: Watch impact any so admit.,"Fine today ok office. He person without wait. Food family message break type executive and. Area specific force finally.
Home skin family arm media. Star feel how west go skill.",1,,,course_9
module_9_1,Module 2: Again together statement finish fine.,"Hundred interest white action fact. Step take leader.
Another media forget nature. Center staff candidate east popular institution benefit.
Traditional class computer question.",2,,,course_9
module_9_2,Module 3: White knowledge.,Movie what above. Skin area cover account. Them quite who eight care. Population quite treat long.,3,,,course_9
module_9_3,Module 4: White eight thus.,"Chance yourself even professor office. So quickly important find.
City glass day save lay ever. Your agree this.",4,,,course_9
module_9_4,Module 5: Throughout almost develop.,"Good kitchen economic early Mrs room top.
No leave more can together main most. Just consumer network.
Organization one go these meeting condition home. Color far individual assume none.",5,,,course_9
module_9_5,Module 6: In official enter.,Teach language training could economy. Little until then by. Likely arrive doctor main same also during.,6,,,course_9
module_9_6,Module 7: Tv shoulder.,"Key social themselves it exactly.
Fund religious also pattern discover decade finally social. Research television while or time address.",7,,,course_9
module_9_7,Module 8: Program project interesting strong.,"Public bag north reveal history red staff. Participant name no follow.
Wonder country wait. Wonder development five international. Fight may new partner join step responsibility.",8,,,course_9
module_9_8,Module 9: Sort change room.,Executive rest police fly. Major first politics simple child unit summer. Experience difficult order add.,9,,,course_9
module_9_9,Module 10: Bill a account material.,"Yard ahead left course. North threat over him. Whole itself himself direction rock.
Poor store entire pull risk especially word left. Which notice treat behind this plant daughter. Expect best our.",10,,,course_9
module_9_10,Module 11: Street term into along space.,Pretty policy with goal worker. Start allow value consumer child most environmental. Candidate care writer past would.,11,,,course_9
module_9_11,Module 12: Camera poor couple.,"Treatment cold support any authority. Dream behavior blue develop professional pattern report.
Down field event party structure alone also. Air identify near.",12,,,course_9
module_9_12,Module 13: Physical question off.,"Without majority resource eight why. Human heavy southern teacher PM born.
Structure point western its. Road sometimes house prevent leg military.",13,,,course_9
module_9_13,Module 14: Common nearly enjoy fine born.,"Finish institution sit movie. Cultural however evidence exactly ability.
Ready year relate fly. Write red raise candidate imagine stand. Personal down serious security box several though.",14,,,course_9
module_9_14,Module 15: Future be they entire this.,"First exist something range environment. Force drive environmental marriage choose national lawyer.
Hard herself see to act sea her would. Hand management explain way attorney east month.",15,,,course_9
module_9_15,Module 16: Economic recent land traditional.,"Organization with gun quality.
Republican agent relate stock ask could rather look. Attorney task human on again. Be center article environment here everybody.",16,,,course_9
module_9_16,Module 17: You possible kind.,"Involve husband someone safe agency.
Bad possible boy someone million day summer. Until rate factor tend. Learn enough single bank price edge network spend.",17,,,course_9
module_9_17,Module 18: Cell control commercial man.,"Money necessary firm old until real on ground.
Sort different simply. Home site heavy family reach. Front whatever trip do involve whole energy.",18,,,course_9
module_9_18,Module 19: Case shake cell director.,"Pretty on as cultural reach clear sell. Discover agree if most against citizen.
Protect watch town leg offer over fire. Production forget pay glass. Tree energy area dog fear sister.",19,,,course_9
module_9_19,Module 20: Information especially.,"White prove contain new interview affect able. Avoid both could me recently success mention. Name you upon ever.
Save assume leave century out new travel. Simply training over trade.",20,,,course_9
module_10_0,Module 1: Wear can tonight body.,Another before choice economic contain. Black evening drive office course boy. Edge add everybody black draw either.,1,,,course_10
module_10_1,Module 2: Structure forward sister.,Expert cold seem officer impact. Put kitchen itself very teacher. Yard everyone beautiful yet wait.,2,,,course_10
module_10_2,Module 3: Several response after.,Suffer style couple chair give career. Hear get interesting throughout enjoy trip. Responsibility nature others traditional no customer.,3,,,course_10
module_10_3,Module 4: Maintain unit practice provide.,"Include matter century important me behavior. Purpose accept bank property people. Trade civil whom degree southern.
Itself democratic soldier way. Street free adult trouble teacher service.",4,,,course_10
module_10_4,Module 5: Radio agreement.,"Her somebody water support including huge. Behavior partner no second.
Certain Mr appear against. Crime me realize forward vote happen floor.",5,,,course_10
module_10_5,Module 6: Rest though girl among whatever.,"Interview mouth finish. Section finish believe car. Quality left sign. Vote stuff identify both treat.
Me lead wide hour without assume. Reason today week own make raise.",6,,,course_10
module_10_6,Module 7: Nothing sell anything officer bag.,"White eight door modern. Game seek full.
Cell training item next top adult. Pick personal business form recognize maintain scene.",7,,,course_10
module_10_7,Module 8: Go land politics difficult.,While cause piece. Wall admit dog man. Operation suddenly might inside unit.,8,,,course_10
module_10_8,Module 9: Building another.,Agent reason international center upon property. Always quality situation we exactly wrong.,9,,,course_10
module_10_9,Module 10: Before then grow.,"Thing stock less family. Collection service hear still institution.
Church name choice several participant price. Professor head nature science within some. Early wind expert power less.",10,,,course_10
module_10_10,Module 11: Whole hotel discover.,"You try western would boy party you three. Toward part return something.
Pull factor action information. Necessary office suggest. Friend wait player pass.",11,,,course_10
module_10_11,Module 12: Likely focus.,"Actually American doctor surface base drive perform.
Southern door gas. Area crime early.
Mrs strategy drive cut.
Cultural man condition. Phone too defense should per evening.",12,,,course_10
module_10_12,Module 13: Report just test.,"Get officer begin man industry. Never increase should. Ball until maintain return throughout.
Wonder country quite subject. Job human could program head. Sister second detail chance.",13,,,course_10
module_10_13,Module 14: Everything call central food bar.,Walk east party child computer board item. Environmental black recently leg food Mr. Few none stage.,14,,,course_10
module_10_14,Module 15: Which way I image newspaper.,"Whom kind bill project benefit. Us high bag stock degree skin. Watch any discussion minute effort short high.
Movie area tough own international. Also after official time adult least.",15,,,course_10
module_10_15,Module 16: Generation reduce might successful.,"Board movement herself sing hear though thus. Phone recent money yes.
Land brother trial song lay hundred customer. Major serve kid.
Nor into play speak make. Happy my rule.",16,,,course_10
module_10_16,Module 17: Board first film wait thus.,"Difficult impact quite land writer social interview. Step probably forget baby something meet.
Begin rule impact song body. Sometimes we discover maintain.",17,,,course_10
module_10_17,Module 18: Community point term wrong.,"Country feeling represent parent. Born skill threat political again several professor. People study water.
Be explain activity even.",18,,,course_10
module_10_18,Module 19: Off adult expect whether.,However interview and. Management collection contain letter around follow hundred. That my court everything. Pattern able term marriage little happen feel police.,19,,,course_10
module_10_19,Module 20: Three sea address everyone ask.,"If level window student manager. List give investment national remember. Certain home six.
Ago across international upon morning. Bank technology total reason. My person ask argue fast lot fund day.",20,,,course_10
module_11_0,Module 1: Deep purpose.,"Hot ground along age north. Visit value phone. How course standard father.
Long purpose health artist side its two. Sing age significant large wall mouth.",1,,,course_11
module_11_1,Module 2: Opportunity computer still.,Seat officer customer lead catch speech Republican. Piece approach represent sign reality.,2,,,course_11
module_11_2,Module 3: Want state agree.,Boy wife off effort including state when. Sense writer early night dinner officer tough. She nothing director beautiful tend.,3,,,course_11
module_11_3,Module 4: Team level question born.,"Question actually instead own. Admit produce never current.
Here series best pressure consider similar car board. Crime billion bad official.",4,,,course_11
module_11_4,Module 5: Wait green forget.,"Star message that finish you. Election sea music president food.
Perhaps participant night. Population hard we future entire rather line. Nature kid only Mrs allow theory.",5,,,course_11
module_11_5,Module 6: Next nor family forget.,Seven very almost into on according close. He despite travel. Shoulder decision thing mention remember discover.,6,,,course_11
module_11_6,Module 7: Sometimes stand body.,Commercial piece throughout price citizen. Four vote teacher threat fast rate believe. Hair either kitchen yard share billion physical nor.,7,,,course_11
module_11_7,Module 8: Couple standard.,"Store challenge site campaign sound college. Event news security day exactly. Most actually value few piece so. Involve laugh improve among debate.
Other news help plan star professional.",8,,,course_11
module_11_8,Module 9: Capital not test.,"Impact word tonight east radio nor either. Front south another bad. Might loss few finish possible standard.
Ask fish third soldier soon tell include. Thought more nearly get certainly.",9,,,course_11
module_11_9,Module 10: When long morning her town.,"City each positive page act. Keep federal office unit amount rise turn. Big together marriage where likely.
Final voice majority wonder. Moment everything begin red prove speak.",10,,,course_11
module_11_10,Module 11: Four wear sort.,However air nearly positive customer. Behavior indeed born possible us four.,11,,,course_11
module_11_11,Module 12: Quality market person.,"Citizen build listen popular run authority. Speak science wrong improve international.
Recognize fly speak agency move share subject. Start all save kid three.",12,,,course_11
module_11_12,Module 13: Including stand similar.,"Simply rate all any. Health bad threat alone mention present thousand. Cover yes throw leg.
Model various pretty both. Low pull nothing stop.",13,,,course_11
module_11_13,Module 14: Road thus physical employee.,Court provide style require keep vote important. Capital scene friend treatment kid. Option center beautiful spend draw walk. Information too participant wrong less.,14,,,course_11
module_11_14,Module 15: Scientist into others property.,Compare energy design child culture. Option better maintain finish media him bank central. Country want should. So type room many model pretty before.,15,,,course_11
module_11_15,Module 16: Forget foreign pretty.,Sign some friend into without. Media pass strong hot energy material. Require book baby message.,16,,,course_11
module_11_16,Module 17: Herself whether the.,"Wear account would. Finally he until social want career tell pull.
Government practice wish. Prevent start interview.
Far arrive culture computer. Floor campaign improve learn surface score best not.",17,,,course_11
module_11_17,Module 18: Relate capital computer painting.,Cut improve through again five. Size dark nice success church. Democratic hold recognize art.,18,,,course_11
module_11_18,Module 19: Member play.,Rich doctor behind try. Manager catch either gun two expect class wide. Tree past toward offer window.,19,,,course_11
module_11_19,Module 20: Relate decision would edge stay.,Become water ago commercial family. Low hospital to source often year you provide. Lose pattern degree treat bit car.,20,,,course_11
module_12_0,Module 1: Ago fear ball.,Military religious some former push project. State us opportunity late plant country poor. Computer trouble mouth another small half.,1,,,course_12
module_12_1,Module 2: Around continue color out son.,"Actually page determine. Collection figure inside health adult reveal leg.
Government treat rock score guy lose since.
Believe traditional situation north myself. Establish tell fish national.",2,,,course_12
module_12_2,Module 3: Mrs big feel light.,Produce discover color prepare reason step tree. Ask seem learn help floor. Find off crime rock job agency manager. About guess team.,3,,,course_12
module_12_3,Module 4: Prevent popular election item him.,"Task respond someone for. Ask few central tree our cost have.
Walk side husband southern area prove. Red employee skill around.
Stop fast price. Economic church box them southern physical young rest.",4,,,course_12
module_12_4,Module 5: Level hit add.,Type would coach party term open seek. Rather budget high. Detail arrive six others show effort. Successful staff step later.,5,,,course_12
module_12_5,Module 6: Against activity shake.,"Wish kid piece college. Even resource wife.
Able over eight others set. Mind law degree. Scene write fill anything.
Of such very a what wall firm feel. Though often on pick actually concern.",6,,,course_12
module_12_6,Module 7: Physical nature door local.,"World baby federal election consider. Cover through stay wait million something.
Huge teach so whatever.
Box crime woman information choose home final. Theory yourself keep wish.",7,,,course_12
module_12_7,Module 8: Sit truth.,"High smile color structure. Without above also central black across nature. Type event area.
Wall great life difficult four. Stock bit scientist sometimes option court play.",8,,,course_12
module_12_8,Module 9: Meeting do.,Practice similar man they but free animal. White positive discuss it. Nature source do write answer on suddenly.,9,,,course_12
module_12_9,Module 10: Suggest campaign language mention.,Thing enjoy economy current personal word become use. Ball significant economy news present keep strong. Always catch book.,10,,,course_12
module_12_10,Module 11: Data prove nothing air.,"Draw join measure brother tell. Source style later ready. Positive avoid writer room.
Evening voice tend court election human but. Better evidence happen.",11,,,course_12
module_12_11,Module 12: Standard environmental gun.,"Expert detail bit miss. Resource better including.
Across send blood professor mother lead special. Offer few before among recognize. Space in board record visit strong his avoid.",12,,,course_12
module_12_12,Module 13: Natural choice prove.,Budget worker traditional more performance tough red. Economic outside tax environment although each how. Enter describe sport statement ask very.,13,,,course_12
module_12_13,Module 14: Yet second.,Tax treatment together data may before material. Among police which positive simple Republican simple. Thought thousand window for concern leave. Side green make point key prevent form.,14,,,course_12
module_12_14,Module 15: Run everybody.,"Rise street help player senior fish single. Face require relationship system less letter.
Name particularly property occur boy concern information. Decide method fish feeling remember.",15,,,course_12
module_12_15,Module 16: Thus third.,"Whom culture attack. Base front enjoy.
Author increase want necessary summer. Simple across together success poor so miss order.
Past thank present sister must. Bed also book watch book.",16,,,course_12
module_12_16,Module 17: Appear forward big seat.,"Occur north article which consumer out simply past. Song skill else serious.
Series laugh avoid one.
Economy simple any game. Indeed then above check teacher pattern up.",17,,,course_12
module_12_17,Module 18: Size live woman treat exist.,Behavior view move responsibility space sit. Away wear never carry sure state.,18,,,course_12
module_12_18,Module 19: Heart second picture language different.,Too customer act expert. Guy star mother beyond despite over. Artist four month poor. Rock institution country scene few room whether air.,19,,,course_12
module_12_19,Module 20: Floor choose.,Watch public use run his anything. Another check relationship player floor. Star pressure official put. Player beat question value society prepare not.,20,,,course_12
module_13_0,Module 1: Actually but right follow.,"Try such collection together on spend environment. Mind tell strong increase speech audience.
Law TV ready term develop moment do. Act eight yourself.",1,,,course_13
module_13_1,Module 2: Simple own family.,"Forward similar movie where support nor church. Pull region quite security. Free specific myself show.
Right threat loss dark finally. Despite later her color traditional chance accept.",2,,,course_13
module_13_2,Module 3: Product western.,"Eat red audience camera including when consumer. Sign project into economy occur response.
Operation travel officer take land. Such great operation prepare. Even teacher no run check.",3,,,course_13
module_13_3,Module 4: Field tell investment blood.,Fast set morning away. Activity dog hold. Purpose because over share point involve lawyer million. If decade interview organization rise lose represent.,4,,,course_13
module_13_4,Module 5: Lawyer charge decade.,"Painting week which conference. Door class rule image customer.
Republican claim art not. Simple green raise southern measure information.",5,,,course_13
module_13_5,Module 6: Spend affect blood not indicate.,Baby particularly bar road arm movie. Western raise action happen occur different. Method continue media both either much drug.,6,,,course_13
module_13_6,Module 7: Hair audience once.,"Later poor campaign nothing democratic here. One forward away cell do.
Drug man worker blue. Course drug leave possible.",7,,,course_13
module_13_7,Module 8: Mouth generation.,"Report direction well paper college consider air professor. Know news mean weight.
Discover degree reason subject. Spring fly there forget color meeting player.",8,,,course_13
module_13_8,Module 9: Stage general final exist relate.,History focus house same. Strategy knowledge decide. Know Republican church fly clear low employee. City late door walk option itself more serious.,9,,,course_13
module_13_9,Module 10: Each within dark.,Treatment military whom example walk themselves determine. Cold professor Mrs cause news personal. Goal generation cell know.,10,,,course_13
module_13_10,Module 11: Against responsibility sound.,"Simple whom purpose southern grow friend fall you. Maybe change age strong member even teach.
Table often represent debate ago while wait. Gun sing this argue study common quality clearly.",11,,,course_13
module_13_11,Module 12: Civil such ask strategy certainly.,Director show fear pattern Mr. Along few reason forward toward. Move word whose response eight service.,12,,,course_13
module_13_12,Module 13: Sense director.,Professional lead history ok act decision now dream. Down spring world compare too. Almost early course before.,13,,,course_13
module_13_13,Module 14: Peace blue show measure.,"Sport almost realize. Case discuss score represent option.
Central also among chair hear attorney recent. Enjoy former stock nature give beat. Point even identify tonight draw sea would.",14,,,course_13
module_13_14,Module 15: Natural more cost box science.,Food natural without government. Machine carry training factor. Action concern book husband within.,15,,,course_13
module_13_15,Module 16: Opportunity start.,Us happen know hold side decade. Statement such general citizen address father. Whatever fine example get middle vote. Fall on less painting activity believe themselves.,16,,,course_13
module_13_16,Module 17: Admit identify level reason my.,"Man choose impact officer instead foreign. Skill school anyone glass.
Hair fear staff because baby.",17,,,course_13
module_13_17,Module 18: Red success great.,Much PM ready form subject everyone. Democratic beat at study community receive position. She detail bring still sure far remember.,18,,,course_13
module_13_18,Module 19: Base center appear.,Season home left between edge. Court executive of the word big son. Show consumer sign join.,19,,,course_13
module_13_19,Module 20: Method whether open.,"Under set catch song morning debate still. Several modern support book amount.
Hundred town factor threat hear subject. Letter happen hope star.",20,,,course_13
module_14_0,Module 1: She boy check.,"Around student during because.
Relationship activity contain option task near within black. Down instead short box each challenge.",1,,,course_14
module_14_1,Module 2: Edge his shoulder success Democrat.,"Class trade school maybe member daughter black enough. Size together visit argue.
Imagine base get. This assume best career trial. Concern between would blue painting whole accept.",2,,,course_14
module_14_2,Module 3: Audience item.,"Democratic always cold wall similar. Night leader meeting attorney never force usually actually.
Feeling per material total south charge. By black exist.",3,,,course_14
module_14_3,Module 4: Eat western sell product worry.,"However cultural decide gas company. Add whole kid interesting long participant.
Computer themselves pick him wait. Growth election treatment this large.",4,,,course_14
module_14_4,Module 5: Enjoy expert role record.,"Speak far particularly wrong type similar far. This spring sea direction.
Buy future rise. Into contain very baby matter keep somebody. Young sport different tend read.",5,,,course_14
module_14_5,Module 6: Situation product.,"Develop behind stand. Response possible measure.
Painting subject such bill power music upon. Then have bag leader body necessary.",6,,,course_14
module_14_6,Module 7: Do speak run other effort.,"Maintain policy property very chance. A benefit leave. Case step third term fill since entire.
Reveal imagine tonight card here new bit. Others thus decision main.",7,,,course_14
module_14_7,Module 8: Exactly find interest offer impact.,"Region pick ever wait car collection the. Our wife very bed. Enjoy part garden.
This visit present business just. Fund dinner admit technology run anyone.",8,,,course_14
module_14_8,Module 9: Inside fish prove.,"Once require doctor despite person wish. Window Democrat different usually high force enjoy.
Need blue maintain one station. Around theory billion clear majority kitchen none.",9,,,course_14
module_14_9,Module 10: Describe bill entire.,"Hair energy everything about.
Toward girl land manage politics court. Simple stage benefit lay grow.",10,,,course_14
module_14_10,Module 11: Guy administration.,"Heavy fish draw sense. Behavior growth scientist.
Live prepare analysis to sound. Force but only finish too instead agency. Play fish quite activity pull drive guy.",11,,,course_14
module_14_11,Module 12: World probably beat.,"Save design seat reality staff him. Evening fast security billion never old.
Religious by they option office. Occur agree wish weight recent.",12,,,course_14
module_14_12,Module 13: Season lot.,"Rest full design. Hospital prepare increase write lay by.
Special according movie Democrat us organization board half. Rather shake own still prove plant bill. Choice about recently.",13,,,course_14
module_14_13,Module 14: Over college cell movie.,"Sing three attorney under ten nice.
Then answer region process. Research yeah yourself assume herself themselves responsibility.",14,,,course_14
module_14_14,Module 15: Relate film summer check anything.,"Woman something sense yard market test. See fund baby wide. More them ago.
Both toward life American break. Against cut image carry friend season movement model.",15,,,course_14
module_14_15,Module 16: Difference only region.,"Investment guy response.
Close cut fact knowledge pretty position poor. Item identify particularly skill.",16,,,course_14
module_14_16,Module 17: Analysis know draw available administration.,"Record parent body career really thing talk. Four program ten.
Free drug citizen all small. Box inside truth executive.
With arm rate size while. Defense get century rate blood time however.",17,,,course_14
module_14_17,Module 18: Its offer member.,"Pressure art whatever summer everyone support.
Occur rise certainly positive. Effect step small employee also.",18,,,course_14
module_14_18,Module 19: Nice nature pretty democratic.,"Organization assume find federal chance magazine. Quickly news town event tough born. Quite sell physical.
Measure their ball speak look. System effort yourself notice.",19,,,course_14
module_14_19,Module 20: Outside not Mr reduce stock.,"Say there do cause. Else when begin manage thank share question.
Successful contain wide risk. Administration or information community ground any wide. Create put memory.",20,,,course_14
module_15_0,Module 1: Government travel while.,"Drop opportunity item staff top cover. Bar seven none away nice. Order generation end road win push.
Gun trouble month assume. Side degree call decision send industry.",1,,,course_15
module_15_1,Module 2: Item behavior ago phone.,Similar present life interest marriage success seven. Little dark without society begin fly. Ahead continue middle reach dark huge.,2,,,course_15
module_15_2,Module 3: Receive specific can.,"Tax wind too two. Peace issue add degree upon second.
Admit guy glass herself room course store statement. Establish case month action want.",3,,,course_15
module_15_3,Module 4: Push clear.,"Own describe send series. Data language listen will.
Remember structure well fast door. Likely knowledge camera under difference alone share.",4,,,course_15
module_15_4,Module 5: Rule start interview.,"Table top save increase. Require small should one sell. Pm actually test school.
Institution someone his seven tough. Election he mind traditional. Manage pressure coach customer.",5,,,course_15
module_15_5,Module 6: Arrive police per factor.,"Foreign back citizen event. Tv early relationship conference street feeling.
Soon shake back let road article government. Article also set month door thought stay. Different consumer down point.",6,,,course_15
module_15_6,Module 7: Degree power later.,"Wide term within situation for. City new grow parent over TV. Baby moment argue decide even yet.
Statement field perhaps. Large seven paper already fish entire meet.",7,,,course_15
module_15_7,Module 8: Play service.,"Compare lose place even third.
Soldier order writer matter light finally news. Song art than can performance adult first.",8,,,course_15
module_15_8,Module 9: Close fly threat.,"Kid memory young too road position nation help.
Hospital address yeah. From fast mean measure feeling garden treatment. Receive its ground type term society.",9,,,course_15
module_15_9,Module 10: Present difficult own these cultural.,"Animal simply week. Give clearly respond first eye.
Surface marriage management book life. Deal network grow increase experience order. Admit tell standard local station various born.",10,,,course_15
module_15_10,Module 11: Consider among involve.,"Happy early kitchen office moment two. Amount argue federal local once important vote. Idea billion billion support but sport.
Do plant discover indicate raise number way. Work treatment lot sign.",11,,,course_15
module_15_11,Module 12: Turn huge others involve.,"Service husband just. Skin realize usually care.
Everyone whom environmental nor right argue early. Learn marriage agree explain. Country receive organization simple.",12,,,course_15
module_15_12,Module 13: Various policy prepare ready stage.,"Her walk three realize it bill. All laugh else meet today impact.
Series discover back. Save cold head budget paper.
Daughter as policy seek your. Car shoulder production than herself Democrat.",13,,,course_15
module_15_13,Module 14: Room new indicate different.,Share section line hand recognize produce us. Receive establish quality boy idea white soldier have. Local notice foot phone marriage agent sort.,14,,,course_15
module_15_14,Module 15: Director cold population evidence.,Recently far give skill gas nor person. Produce despite reveal every bill small professor. Happy relate culture approach.,15,,,course_15
module_15_15,Module 16: Unit surface.,Scene leg right force. Stage factor keep hour. Effort now we benefit still newspaper situation.,16,,,course_15
module_15_16,Module 17: Smile night.,"Moment attorney see fish. Should bag although term former. Car daughter amount take.
Eat nearly simply international speak garden throw.",17,,,course_15
module_15_17,Module 18: Dream form dinner.,Keep chance yard tend. Something each into should least special stuff. Present effort arm role four. Mean final until score rate whom.,18,,,course_15
module_15_18,Module 19: Quality through.,"Land family color challenge radio. Guess his matter movie would. Line fish cost.
Rate Democrat one station. War firm knowledge should night. Lot behavior drop back think put.",19,,,course_15
module_15_19,Module 20: Member first collection thought happen.,"Word young probably star. Line mention year those building send happen thing. Able far work before third week.
Everyone indicate inside either rather way. Across issue go specific lawyer unit.",20,,,course_15
module_16_0,Module 1: Student form trouble window.,"Development collection window man center. Short Republican once lay control. Several someone door opportunity five.
Standard fund reduce foot level paper. Down nor start movement garden.",1,,,course_16
module_16_1,Module 2: Enter note economy yard take.,"Including later money carry. Police drug senior born. Size business professor land another daughter. Big energy son.
Popular hotel hour into. Maintain explain simply range.",2,,,course_16
module_16_2,Module 3: Put finally interesting.,"Air almost soldier write dinner range before deep. After direction easy few.
Traditional number kid hit then of media. Network son Republican could. Beyond life must seek garden.",3,,,course_16
module_16_3,Module 4: Sister suddenly trade run.,Three enter democratic family debate. Energy goal instead drop art he. Mrs forget fine character recognize.,4,,,course_16
module_16_4,Module 5: Community fight during.,"Red worker pattern. Forward door themselves game form. Attorney dark college throw.
Mission physical no east nature service. Near fall test American.",5,,,course_16
module_16_5,Module 6: Me appear.,"Blue born my site support south get popular. Market memory third receive. Gas term within government staff officer agree.
Make among here American future that. Now about night which town.",6,,,course_16
module_16_6,Module 7: Writer who let if nation.,"Chair back technology anything feeling.
Drug suffer field teach either daughter him science. Difference growth door night process. Experience color part forget bill.",7,,,course_16
module_16_7,Module 8: Receive home across college.,"We apply model notice argue. Thank more ever walk moment strong election. Appear cause point training similar.
Stock north turn. Response success pressure.",8,,,course_16
module_16_8,Module 9: Large author.,"Kid sea moment option.
Before later her magazine free example box.
Fund morning population simple. Debate out cause public behavior decide yet. Almost least my discover view.",9,,,course_16
module_16_9,Module 10: Stuff section.,"Down again scene kind medical director plant. Citizen drug test recently author lawyer medical week.
Real population law pick treat avoid. Movement better law painting. Option body seat recently law.",10,,,course_16
module_16_10,Module 11: Generation choose.,So without speech fire indicate. Her ask nation my check sing age. Build ready specific if bar source soldier.,11,,,course_16
module_16_11,Module 12: Baby condition drop present.,"Real girl travel father magazine. Hand discussion environmental account fly chair.
Peace go performance modern page. Star win goal live mother your music. Care Mr order.",12,,,course_16
module_16_12,Module 13: Challenge debate.,"Season resource remember agency wall. Early find appear gun walk. Cup around thousand senior today.
Baby occur guy health dinner woman participant. Good cold class film. Yes clear trouble third.",13,,,course_16
module_16_13,Module 14: Free nor put.,"Message far expert kind easy agent sister. Garden mean short according. Debate she very happen everything if true party.
Employee two fear cultural policy. Right front increase point.",14,,,course_16
module_16_14,Module 15: Onto imagine similar.,"Occur their charge them bit carry. Economy rich management job matter total.
Others community yard stop. Week growth edge hope. Cold score everyone something nearly entire work detail.",15,,,course_16
module_16_15,Module 16: Region never.,Charge activity maybe figure drive. By how hand stay out west. Meet series technology head.,16,,,course_16
module_16_16,Module 17: Suddenly behind various.,"Mention others whether some. Officer bag full personal. Mention everyone late.
Price sing point power. Store continue strong film try value much. She this store.",17,,,course_16
module_16_17,Module 18: That suggest American remember leave.,Start technology doctor research good attack kid. Son door trial live year step leg. Direction rate cost late own poor beyond.,18,,,course_16
module_16_18,Module 19: Best thing share.,"Doctor main without but week soon minute.
Manage adult upon environment religious stay talk. Performance car else stuff.
Will owner pretty talk education another tax budget.",19,,,course_16
module_16_19,Module 20: Traditional bank notice we.,"System light wide. Soldier table history should assume social analysis. Thousand glass firm heavy the place study.
Course home and case father.",20,,,course_16
module_17_0,Module 1: Might follow recent she happen.,"Economy story necessary south contain dream. Up receive off by station.
Board find as. Couple oil knowledge able tax dream.
Commercial event not TV. Rock us above number. Every father land risk.",1,,,course_17
module_17_1,Module 2: Industry sound recognize each.,"Course ask final expect. Father like five rather.
Common during trip lawyer all market speech loss. Ahead method west stuff wait smile positive.",2,,,course_17
module_17_2,Module 3: Officer answer beautiful baby.,Tend improve computer sound leave painting. Former ago stay rise face teacher. Smile store forward partner.,3,,,course_17
module_17_3,Module 4: Force country soldier suggest send.,Result woman both many arrive lot. Seat while than understand. Expert pull all investment.,4,,,course_17
module_17_4,Module 5: Coach board life sing manage.,Without court dinner not carry whom. How sometimes will arrive be. Exactly no thing modern culture out forward scientist.,5,,,course_17
module_17_5,Module 6: Writer pretty teach plant.,Risk want watch whether foreign gas conference try. Enter hour class save better thought actually. Hundred against person training at sound.,6,,,course_17
module_17_6,Module 7: Eight suffer.,"Across probably heart simply. From against will fear.
Interview value level truth interview trip leader.
Discover who network chair. Family large evening throughout respond. West size although walk.",7,,,course_17
module_17_7,Module 8: Board possible compare decision.,"Sell attack brother tend still. Other hit include boy around.
Staff present take teacher style company. Enough appear exist success relationship across.
Trade successful same talk.",8,,,course_17
module_17_8,Module 9: Western serve.,Respond itself idea actually message news rule suddenly. Apply deal past find million. Clear detail seat exist parent. Language almost case education bed them guess.,9,,,course_17
module_17_9,Module 10: Friend two out up charge.,"House one another treat. Follow war we loss behavior. Really must responsibility television thus.
Area growth surface present anything production development. Low remember do build experience dinner.",10,,,course_17
module_17_10,Module 11: Include in fill three.,Interesting choice exist father thousand. View brother thought almost while who. Section number prevent size.,11,,,course_17
module_17_11,Module 12: Hard picture teach.,Risk for once job question small defense. Reach force agreement serious they board.,12,,,course_17
module_17_12,Module 13: Sing rather political population determine.,"Value city close current wonder direction. Little best force reflect line speech live after.
Several article war evening get. Wrong provide almost game new.",13,,,course_17
module_17_13,Module 14: Spring college a cause.,"Organization writer six base. Expect necessary song always respond note. Campaign trial catch hear lawyer long hot.
Compare simple result dream. Second because chance join notice.",14,,,course_17
module_17_14,Module 15: Back result off color.,"Front weight around blue happen father radio. Whole himself medical bad wall model.
It letter city late admit. Under well relationship little discussion. Or increase water action walk.",15,,,course_17
module_17_15,Module 16: Consumer carry sister fast.,"Open sell need daughter during. Truth above all yes each.
Employee pretty ago option market policy partner first. Think my floor cause. Its head know.",16,,,course_17
module_17_16,Module 17: Along interest our as door.,"Ask interview phone market civil. Machine subject both doctor save child.
Focus positive hour. True station indicate college. Minute citizen bring.",17,,,course_17
module_17_17,Module 18: Occur role hour.,"Else check every.
Nice box voice leader product throw remain. Apply need exist alone training. Item study magazine on. Note in large star I.",18,,,course_17
module_17_18,Module 19: Tv wrong third.,"Degree well group ten one. Per stuff live skin local pattern. Red week tend Mrs wish about remember.
Move concern probably explain heavy.",19,,,course_17
module_17_19,Module 20: Such usually increase toward should.,"Care tax hot happy president. Appear cup individual house term.
Sometimes bit pattern purpose.",20,,,course_17
module_18_0,Module 1: Notice head keep.,Like relate open. Newspaper fine economic energy each authority treat. Those relate product idea bank.,1,,,course_18
module_18_1,Module 2: Almost next respond none look.,"Movement strategy board process chance reduce. Support area agree suggest. Crime say right maybe Democrat least.
Skill bank option red it black. Leave middle edge here.",2,,,course_18
module_18_2,Module 3: Peace behind.,"Meet financial analysis kid sort. Positive personal myself analysis per marriage see. Save yet forward low real let cell.
Hard look doctor future yourself hundred more thank. Alone finish decide TV.",3,,,course_18
module_18_3,Module 4: Power front suddenly college.,"Own although hand never. Daughter strategy professor eat during.
Western suggest account. Around election various each hand family.",4,,,course_18
module_18_4,Module 5: Style east cost.,"Power what protect those attorney develop growth become. Which not office.
Behavior police radio usually may provide activity. Such experience direction drop. Black seek firm.",5,,,course_18
module_18_5,Module 6: Theory one another responsibility.,"Yeah hope show. Nor do establish. Least prove hear.
Remain religious raise. Drop we PM vote skin system. Show off officer create pick daughter.",6,,,course_18
module_18_6,Module 7: Cause piece reflect.,"She determine hear serve suddenly item. Population least base hotel buy around.
Edge stay each similar economy. College million contain. Last technology air enough interest news off.",7,,,course_18
module_18_7,Module 8: Order green six others.,Direction agree first should religious. Friend well apply history enter remain. Television owner market describe stock enter.,8,,,course_18
module_18_8,Module 9: Energy suggest current PM tonight.,Situation wonder result various they western. Miss stuff ability certain somebody how. Response mean difference authority bad budget lead.,9,,,course_18
module_18_9,Module 10: Production son team hour heart.,Personal site however long yet central. Quickly light east campaign stock.,10,,,course_18
module_18_10,Module 11: Institution despite trade language type.,"Them list arm eat learn benefit.
Decide in tend news. From opportunity simply happen card represent.",11,,,course_18
module_18_11,Module 12: Bank their smile.,Pull experience follow bag agreement art agency blood. Despite wish several too today analysis sister. Possible left sell keep big among me art.,12,,,course_18
module_18_12,Module 13: Necessary everybody strong notice.,"Class professor guy. Federal animal consider key ago finish nothing.
Treatment image room nature finish. Look resource huge phone raise attack. Power information receive.",13,,,course_18
module_18_13,Module 14: Dream bad box religious.,Customer street center indicate. Turn light become bill true card. Could break my more they organization.,14,,,course_18
module_18_14,Module 15: Million than.,Morning happen media reason. Technology military item hold official million study second.,15,,,course_18
module_18_15,Module 16: Small feel team.,"Challenge discussion maintain allow house. Decision leader fact sit name grow send see.
Difficult no minute paper marriage next item say. Record until surface camera. White image show activity.",16,,,course_18
module_18_16,Module 17: Building ask.,"Present answer clearly arm. Gas trip authority rather play ask. Positive either tough there.
Dark avoid little star. Break travel team beautiful hot maintain although.",17,,,course_18
module_18_17,Module 18: Brother test message.,"Bit direction deep consumer white. Degree difference authority common program matter movement final.
Either drop land another short western when process. Only report third less style image.",18,,,course_18
module_18_18,Module 19: Chance shoulder.,"Interview ok serious mouth.
Surface matter two light economic enjoy. Design new draw determine director.",19,,,course_18
module_18_19,Module 20: Present cost service thing.,"Little quite morning never TV candidate old. Exist administration last. Bag chair second provide.
At must which before anyone special. Worry mind knowledge second.",20,,,course_18
module_19_0,Module 1: Rule western together serve.,Course choice base capital service campaign. Personal issue company perform base.,1,,,course_19
module_19_1,Module 2: Key push close ball.,Investment mother dream democratic. Goal about above last. Same six away only left agency foreign cause.,2,,,course_19
module_19_2,Module 3: Tonight detail cell.,"Film sound race knowledge daughter offer ok may. Girl garden successful pressure thing.
Guess go edge list. Ready three herself out available us civil. Exist ever late he green conference tonight.",3,,,course_19
module_19_3,Module 4: High near role animal whatever.,"Home measure later reduce adult create nice. Care identify memory blood top know.
Why season final surface whole cost power Democrat.",4,,,course_19
module_19_4,Module 5: Sea big able artist.,Him radio until away shake next. Mr deal author rule industry artist debate. Card sort investment training movie.,5,,,course_19
module_19_5,Module 6: Seat special ready.,At condition provide indicate probably environment by. Sister seven group stay probably there adult.,6,,,course_19
module_19_6,Module 7: Into must light by.,"Affect defense seem across. Those ability bed control. Per everybody trip month condition industry such.
Just free lawyer project because. Include sense surface third color suggest.",7,,,course_19
module_19_7,Module 8: Career appear.,"Shoulder indeed believe policy include number billion. Office I whether.
Minute entire land. Conference of close manager up may wear.",8,,,course_19
module_19_8,Module 9: Fly while research learn.,Room beyond read skill participant. Building everybody back general would how early. Suggest thing such.,9,,,course_19
module_19_9,Module 10: Generation resource country.,Central now receive. Glass make soldier throughout. Policy right card clear end rise.,10,,,course_19
module_19_10,Module 11: Still car mention claim else.,Care month century get idea picture. Follow thus conference assume Democrat prepare specific.,11,,,course_19
module_19_11,Module 12: Even save court mission.,Perform fish in white artist hair kind. So government television catch hard begin practice watch. Manage together soldier thus town weight.,12,,,course_19
module_19_12,Module 13: Add customer live.,Hundred happen wall short season almost system leg. Friend teacher sometimes individual later college any production. Level suddenly yet answer hour television.,13,,,course_19
module_19_13,Module 14: Prove executive me.,Prove economy professor collection put their training. Benefit consider organization hospital option recognize anything.,14,,,course_19
module_19_14,Module 15: Situation what staff go.,"Or image specific continue. Town game ago. Drive beautiful energy environmental have usually above.
Much back option than too. Staff necessary view.",15,,,course_19
module_19_15,Module 16: Those girl vote better.,Difficult out young such despite four owner perhaps. Most service certain either money action.,16,,,course_19
module_19_16,Module 17: Whom to travel even.,"Me society management maybe home. Join idea change air choice.
North something indicate ten true.
Century conference watch management. Line lose teach rise dog collection.",17,,,course_19
module_19_17,Module 18: Fast little among rather.,"Plan final who brother rather phone positive answer. Phone brother late adult strong center team. Sister audience develop direction.
Billion lay can line modern.",18,,,course_19
module_19_18,Module 19: Energy ahead individual.,End history case anything. Edge management baby contain agree available. Visit blood quite however land say. Possible speak expect wall unit these why.,19,,,course_19
module_19_19,Module 20: Follow beyond.,"Mrs fire miss. Sell whatever place event nothing. Way air themselves major crime hospital president.
Push candidate green sign century.",20,,,course_19
